city,region,population,lat,lon
Москва,Москва,13000000,55.7558,37.6173
Санкт-Петербург,Санкт-Петербург,5600000,59.9343,30.3351
Новосибирск,Новосибирская область,1620000,55.0084,82.9357
Екатеринбург,Свердловская область,1550000,56.8389,60.6057
Казань,Республика Татарстан,1300000,55.7887,49.1221
Нижний Новгород,Нижегородская область,1250000,56.2965,43.9361
Челябинск,Челябинская область,1180000,55.1644,61.4368
Ростов-на-Дону,Ростовская область,1140000,47.2357,39.7015
Уфа,Республика Башкортостан,1130000,54.7388,55.9721
Самара,Самарская область,1140000,53.2001,50.15
Омск,Омская область,1120000,54.9885,73.3242
Красноярск,Красноярский край,1090000,56.0184,92.8672
Воронеж,Воронежская область,1050000,51.672,39.1843
Пермь,Пермский край,1030000,58.0105,56.2502
Волгоград,Волгоградская область,1000000,48.708,44.5133
Краснодар,Краснодарский край,970000,45.0355,38.9753
Тюмень,Тюменская область,830000,57.1522,65.5272
Петрозаводск,Республика Карелия,280000,61.7849,34.3469
