city,count
Москва,891
Санкт-Петербург,600
Новосибирск,364
Екатеринбург,316
Нижний Новгород,146
Казань,142
Челябинск,228
Омск,125
Самара,122
Ростов-на-Дону,126
Уфа,111
Красноярск,217
Воронеж,79
Волгоград,76
Пермь,124
Краснодар,205
Саратов,78
Тюмень,125
Ижевск,54
Барнаул,83
Ульяновск,39
Иркутск,185
Хабаровск,106
Ярославль,47
Владивосток,157
Махачкала,33
Томск,56
Оренбург,39
Кемерово,70
Новокузнецк,26
Рязань,33
Астрахань,46
Пенза,65
Набережные Челны,83
Липецк,27
Киров,118
Чебоксары,18
Калининград,92
Тула,40
Курск,21
Ставрополь,38
Брянск,37
Тверь,30
Магнитогорск,33
Иваново,34
Улан-Удэ,72
Владимир,31
Чита,42
Архангельск,50
Белгород,29
Калуга,30
Смоленск,27
Сочи,34
Саранск,14
Вологда,18
Курган,25
Владикавказ,18
Орёл,32
Сургут,66
Грозный,14
Мурманск,36
Тамбов,24
Петрозаводск,17
Кострома,6
Комсомольск-на-Амуре,24
Йошкар-Ола,33
Стерлитамак,13
Братск,11
Орск,11
Сыктывкар,18
Нижневартовск,35
Ангарск,25
Новороссийск,88
Химки,504
Нальчик,6
Якутск,57
Нижнекамск,13
Дзержинск,22
Старый Оскол,8
Благовещенск,59
Великий Новгород,11
Шахты,8
Прокопьевск,8
Рыбинск,5
Бийск,28
Псков,29
Балаково,7
Армавир,6
Южно-Сахалинск,61
Северодвинск,18
Златоуст,4
Абакан,14
Каменск-Уральский,5
Петропавловск-Камчатский,36
Новочеркасск,9
Назрань,6
Мытищи,455
Салават,5
Березники,6
Волгодонск,2
Миасс,7
Уссурийск,49
Нефтекамск,4
Люберцы,658
Ковров,9
Балашиха,401
Коломна,15
Находка,24
Электросталь,73
Пятигорск,16
Майкоп,6
Альметьевск,3
Королёв,319
Одинцово,306
Невинномысск,6
Кисловодск,8
Новомосковск,12
Камышин,18
Серпухов,17
Муром,33
Хасавюрт,5
Черкесск,5
Орехово-Зуево,12
Ачинск,4
Кызыл,1
Ногинск,59
Елец,4
Артём,68
Ухта,12
Канск,2
Новокуйбышевск,21
Северск,45
Арзамас,4
Сергиев Посад,19
Обнинск,21
Элиста,2
Новотроицк,8
Дербент,5
Киселёвск,6
Великие Луки,5
Пушкино,156
Ханты-Мансийск,7
Междуреченск,2
Соликамск,2
Глазов,3
